time, number
Tue Feb 23 2016 15:52:30 GMT+0800 (CST), 1438
Tue Feb 23 2016 15:57:30 GMT+0800 (CST), 1434
Tue Feb 23 2016 16:02:31 GMT+0800 (CST), 1451
Tue Feb 23 2016 16:07:30 GMT+0800 (CST), 1458
Tue Feb 23 2016 16:12:30 GMT+0800 (CST), 1444
Tue Feb 23 2016 16:17:30 GMT+0800 (CST), 1433
Tue Feb 23 2016 16:22:30 GMT+0800 (CST), 1426
Tue Feb 23 2016 16:27:30 GMT+0800 (CST), 1431
Tue Feb 23 2016 16:32:30 GMT+0800 (CST), 1481
Tue Feb 23 2016 16:37:30 GMT+0800 (CST), 1478
Tue Feb 23 2016 16:42:30 GMT+0800 (CST), 1460
Tue Feb 23 2016 16:47:30 GMT+0800 (CST), 1440
Tue Feb 23 2016 16:52:30 GMT+0800 (CST), 1423
Tue Feb 23 2016 16:57:30 GMT+0800 (CST), 1430
Tue Feb 23 2016 17:02:30 GMT+0800 (CST), 1478
Tue Feb 23 2016 17:07:30 GMT+0800 (CST), 1477
Tue Feb 23 2016 17:12:30 GMT+0800 (CST), 1480
Tue Feb 23 2016 17:17:30 GMT+0800 (CST), 1443
Tue Feb 23 2016 17:22:30 GMT+0800 (CST), 1431
Tue Feb 23 2016 17:27:30 GMT+0800 (CST), 1410
Tue Feb 23 2016 17:32:30 GMT+0800 (CST), 1403
Tue Feb 23 2016 17:37:30 GMT+0800 (CST), 1432
Tue Feb 23 2016 17:42:30 GMT+0800 (CST), 1403
Tue Feb 23 2016 17:47:30 GMT+0800 (CST), 1383
Tue Feb 23 2016 17:52:30 GMT+0800 (CST), 1388
Tue Feb 23 2016 17:57:30 GMT+0800 (CST), 1391
Tue Feb 23 2016 18:02:30 GMT+0800 (CST), 1340
Tue Feb 23 2016 18:07:30 GMT+0800 (CST), 1340
Tue Feb 23 2016 18:12:30 GMT+0800 (CST), 1290
Tue Feb 23 2016 18:17:30 GMT+0800 (CST), 1261
Tue Feb 23 2016 18:22:30 GMT+0800 (CST), 1196
Tue Feb 23 2016 18:27:30 GMT+0800 (CST), 1186
Tue Feb 23 2016 18:32:30 GMT+0800 (CST), 1191
Tue Feb 23 2016 18:37:30 GMT+0800 (CST), 1185
Tue Feb 23 2016 18:42:33 GMT+0800 (CST), 1167
Tue Feb 23 2016 18:47:30 GMT+0800 (CST), 1116
Tue Feb 23 2016 18:52:30 GMT+0800 (CST), 1104
Tue Feb 23 2016 18:57:30 GMT+0800 (CST), 1112
Tue Feb 23 2016 19:02:30 GMT+0800 (CST), 1112
Tue Feb 23 2016 19:07:30 GMT+0800 (CST), 1098
Tue Feb 23 2016 19:12:30 GMT+0800 (CST), 1098
Tue Feb 23 2016 19:17:30 GMT+0800 (CST), 1063
Tue Feb 23 2016 19:22:30 GMT+0800 (CST), 1033
Tue Feb 23 2016 19:27:30 GMT+0800 (CST), 1027
Tue Feb 23 2016 19:32:30 GMT+0800 (CST), 1008
Tue Feb 23 2016 19:37:31 GMT+0800 (CST), 1021
Tue Feb 23 2016 19:42:30 GMT+0800 (CST), 1023
Tue Feb 23 2016 19:47:30 GMT+0800 (CST), 1004
Tue Feb 23 2016 19:52:30 GMT+0800 (CST), 971
Tue Feb 23 2016 19:57:30 GMT+0800 (CST), 968
Tue Feb 23 2016 20:02:30 GMT+0800 (CST), 980
Tue Feb 23 2016 20:07:31 GMT+0800 (CST), 1002
Tue Feb 23 2016 20:12:30 GMT+0800 (CST), 1030
Tue Feb 23 2016 20:17:30 GMT+0800 (CST), 1027
Tue Feb 23 2016 20:22:31 GMT+0800 (CST), 1048
Tue Feb 23 2016 20:27:30 GMT+0800 (CST), 1027
Tue Feb 23 2016 20:32:33 GMT+0800 (CST), 1028
Tue Feb 23 2016 20:37:30 GMT+0800 (CST), 1059
Tue Feb 23 2016 20:42:30 GMT+0800 (CST), 1062
Tue Feb 23 2016 20:47:30 GMT+0800 (CST), 1033
Tue Feb 23 2016 20:52:30 GMT+0800 (CST), 1042
Tue Feb 23 2016 20:57:30 GMT+0800 (CST), 1025
Tue Feb 23 2016 21:02:30 GMT+0800 (CST), 1082
Tue Feb 23 2016 21:07:30 GMT+0800 (CST), 1089
Tue Feb 23 2016 21:12:31 GMT+0800 (CST), 1122
Tue Feb 23 2016 21:17:30 GMT+0800 (CST), 1106
Tue Feb 23 2016 21:22:30 GMT+0800 (CST), 1079
Tue Feb 23 2016 21:27:30 GMT+0800 (CST), 1057
Tue Feb 23 2016 21:32:30 GMT+0800 (CST), 1071
Tue Feb 23 2016 21:37:30 GMT+0800 (CST), 1048
Tue Feb 23 2016 21:42:30 GMT+0800 (CST), 1063
Tue Feb 23 2016 21:47:30 GMT+0800 (CST), 1056
Tue Feb 23 2016 21:52:30 GMT+0800 (CST), 1093
Tue Feb 23 2016 21:57:31 GMT+0800 (CST), 1090
Tue Feb 23 2016 22:02:30 GMT+0800 (CST), 1112
Tue Feb 23 2016 22:07:30 GMT+0800 (CST), 1108
Tue Feb 23 2016 22:12:30 GMT+0800 (CST), 1103
Tue Feb 23 2016 22:17:31 GMT+0800 (CST), 1093
Tue Feb 23 2016 22:22:30 GMT+0800 (CST), 1061
Tue Feb 23 2016 22:27:30 GMT+0800 (CST), 1072
Tue Feb 23 2016 22:32:30 GMT+0800 (CST), 1096
Tue Feb 23 2016 22:37:30 GMT+0800 (CST), 1098
Tue Feb 23 2016 22:42:30 GMT+0800 (CST), 1078
Tue Feb 23 2016 22:47:30 GMT+0800 (CST), 1043
Tue Feb 23 2016 22:52:30 GMT+0800 (CST), 1038
Tue Feb 23 2016 22:57:30 GMT+0800 (CST), 1033
Tue Feb 23 2016 23:02:30 GMT+0800 (CST), 1023
Tue Feb 23 2016 23:07:30 GMT+0800 (CST), 1028
Tue Feb 23 2016 23:12:30 GMT+0800 (CST), 1039
Tue Feb 23 2016 23:17:31 GMT+0800 (CST), 1001
Tue Feb 23 2016 23:22:30 GMT+0800 (CST), 1015
Tue Feb 23 2016 23:27:30 GMT+0800 (CST), 972
Tue Feb 23 2016 23:32:30 GMT+0800 (CST), 967
Tue Feb 23 2016 23:37:30 GMT+0800 (CST), 926
Tue Feb 23 2016 23:42:30 GMT+0800 (CST), 907
Tue Feb 23 2016 23:47:30 GMT+0800 (CST), 909
Tue Feb 23 2016 23:52:30 GMT+0800 (CST), 868
Tue Feb 23 2016 23:57:30 GMT+0800 (CST), 846
Wed Feb 24 2016 00:02:31 GMT+0800 (CST), 802
Wed Feb 24 2016 00:07:30 GMT+0800 (CST), 793
Wed Feb 24 2016 00:12:30 GMT+0800 (CST), 771
Wed Feb 24 2016 00:17:32 GMT+0800 (CST), 752
Wed Feb 24 2016 00:22:30 GMT+0800 (CST), 731
Wed Feb 24 2016 00:27:31 GMT+0800 (CST), 703
Wed Feb 24 2016 00:32:30 GMT+0800 (CST), 645
Wed Feb 24 2016 00:37:31 GMT+0800 (CST), 633
Wed Feb 24 2016 00:42:30 GMT+0800 (CST), 603
Wed Feb 24 2016 00:47:30 GMT+0800 (CST), 599
Wed Feb 24 2016 00:52:30 GMT+0800 (CST), 561
Wed Feb 24 2016 00:57:30 GMT+0800 (CST), 561
Wed Feb 24 2016 01:02:30 GMT+0800 (CST), 529
Wed Feb 24 2016 01:07:30 GMT+0800 (CST), 475
Wed Feb 24 2016 01:12:30 GMT+0800 (CST), 459
Wed Feb 24 2016 01:17:30 GMT+0800 (CST), 446
Wed Feb 24 2016 01:22:30 GMT+0800 (CST), 435
Wed Feb 24 2016 01:27:30 GMT+0800 (CST), 431
Wed Feb 24 2016 01:32:30 GMT+0800 (CST), 419
Wed Feb 24 2016 01:37:30 GMT+0800 (CST), 392
Wed Feb 24 2016 01:42:31 GMT+0800 (CST), 369
Wed Feb 24 2016 01:47:31 GMT+0800 (CST), 361
Wed Feb 24 2016 01:52:30 GMT+0800 (CST), 348
Wed Feb 24 2016 01:57:31 GMT+0800 (CST), 340
Wed Feb 24 2016 02:02:30 GMT+0800 (CST), 327
Wed Feb 24 2016 02:07:30 GMT+0800 (CST), 327
Wed Feb 24 2016 02:12:30 GMT+0800 (CST), 314
Wed Feb 24 2016 02:17:30 GMT+0800 (CST), 307
Wed Feb 24 2016 02:22:30 GMT+0800 (CST), 273
Wed Feb 24 2016 02:27:30 GMT+0800 (CST), 281
Wed Feb 24 2016 02:32:30 GMT+0800 (CST), 283
Wed Feb 24 2016 02:37:30 GMT+0800 (CST), 285
Wed Feb 24 2016 02:42:31 GMT+0800 (CST), 275
Wed Feb 24 2016 02:47:30 GMT+0800 (CST), 256
Wed Feb 24 2016 02:52:30 GMT+0800 (CST), 243
Wed Feb 24 2016 02:57:31 GMT+0800 (CST), 224
Wed Feb 24 2016 03:02:31 GMT+0800 (CST), 221
Wed Feb 24 2016 03:07:31 GMT+0800 (CST), 240
Wed Feb 24 2016 03:12:30 GMT+0800 (CST), 248
Wed Feb 24 2016 03:17:30 GMT+0800 (CST), 249
Wed Feb 24 2016 03:22:31 GMT+0800 (CST), 227
Wed Feb 24 2016 03:27:30 GMT+0800 (CST), 221
Wed Feb 24 2016 03:32:30 GMT+0800 (CST), 223
Wed Feb 24 2016 03:37:31 GMT+0800 (CST), 217
Wed Feb 24 2016 03:42:30 GMT+0800 (CST), 216
Wed Feb 24 2016 03:47:31 GMT+0800 (CST), 210
Wed Feb 24 2016 03:52:31 GMT+0800 (CST), 210
Wed Feb 24 2016 03:57:31 GMT+0800 (CST), 207
Wed Feb 24 2016 04:02:30 GMT+0800 (CST), 212
Wed Feb 24 2016 04:07:30 GMT+0800 (CST), 214
Wed Feb 24 2016 04:12:31 GMT+0800 (CST), 208
Wed Feb 24 2016 04:17:31 GMT+0800 (CST), 193
Wed Feb 24 2016 04:22:30 GMT+0800 (CST), 190
Wed Feb 24 2016 04:27:30 GMT+0800 (CST), 187
Wed Feb 24 2016 04:32:30 GMT+0800 (CST), 190
Wed Feb 24 2016 04:37:31 GMT+0800 (CST), 191
Wed Feb 24 2016 04:42:30 GMT+0800 (CST), 188
Wed Feb 24 2016 04:47:30 GMT+0800 (CST), 191
Wed Feb 24 2016 04:52:30 GMT+0800 (CST), 193
Wed Feb 24 2016 04:57:31 GMT+0800 (CST), 190
Wed Feb 24 2016 05:02:31 GMT+0800 (CST), 199
Wed Feb 24 2016 05:07:31 GMT+0800 (CST), 201
Wed Feb 24 2016 05:12:30 GMT+0800 (CST), 202
Wed Feb 24 2016 05:17:31 GMT+0800 (CST), 204
Wed Feb 24 2016 05:22:30 GMT+0800 (CST), 199
Wed Feb 24 2016 05:27:30 GMT+0800 (CST), 204
Wed Feb 24 2016 05:32:31 GMT+0800 (CST), 198
Wed Feb 24 2016 05:37:30 GMT+0800 (CST), 192
Wed Feb 24 2016 05:42:30 GMT+0800 (CST), 183
Wed Feb 24 2016 05:47:30 GMT+0800 (CST), 186
Wed Feb 24 2016 05:52:30 GMT+0800 (CST), 183
Wed Feb 24 2016 05:57:30 GMT+0800 (CST), 189
Wed Feb 24 2016 06:02:30 GMT+0800 (CST), 196
Wed Feb 24 2016 06:07:30 GMT+0800 (CST), 202
Wed Feb 24 2016 06:12:30 GMT+0800 (CST), 199
Wed Feb 24 2016 06:17:30 GMT+0800 (CST), 193
Wed Feb 24 2016 06:22:31 GMT+0800 (CST), 198
Wed Feb 24 2016 06:27:30 GMT+0800 (CST), 207
Wed Feb 24 2016 06:32:31 GMT+0800 (CST), 211
Wed Feb 24 2016 06:37:31 GMT+0800 (CST), 211
Wed Feb 24 2016 06:42:30 GMT+0800 (CST), 222
Wed Feb 24 2016 06:47:30 GMT+0800 (CST), 216
Wed Feb 24 2016 06:52:31 GMT+0800 (CST), 211
Wed Feb 24 2016 06:57:31 GMT+0800 (CST), 226
Wed Feb 24 2016 07:02:31 GMT+0800 (CST), 244
Wed Feb 24 2016 07:07:31 GMT+0800 (CST), 267
Wed Feb 24 2016 07:12:30 GMT+0800 (CST), 265
Wed Feb 24 2016 07:17:31 GMT+0800 (CST), 290
Wed Feb 24 2016 07:22:30 GMT+0800 (CST), 287
Wed Feb 24 2016 07:27:30 GMT+0800 (CST), 295
Wed Feb 24 2016 07:32:31 GMT+0800 (CST), 308
Wed Feb 24 2016 07:37:31 GMT+0800 (CST), 326
Wed Feb 24 2016 07:42:31 GMT+0800 (CST), 338
Wed Feb 24 2016 07:47:31 GMT+0800 (CST), 362
Wed Feb 24 2016 07:52:30 GMT+0800 (CST), 389
Wed Feb 24 2016 07:57:31 GMT+0800 (CST), 422
Wed Feb 24 2016 08:02:31 GMT+0800 (CST), 455
Wed Feb 24 2016 08:07:31 GMT+0800 (CST), 500
Wed Feb 24 2016 08:12:30 GMT+0800 (CST), 500
Wed Feb 24 2016 08:17:30 GMT+0800 (CST), 568
Wed Feb 24 2016 08:22:31 GMT+0800 (CST), 601
Wed Feb 24 2016 08:27:34 GMT+0800 (CST), 614
Wed Feb 24 2016 08:32:30 GMT+0800 (CST), 635
Wed Feb 24 2016 08:37:31 GMT+0800 (CST), 699
Wed Feb 24 2016 08:42:31 GMT+0800 (CST), 759
Wed Feb 24 2016 08:47:31 GMT+0800 (CST), 807
Wed Feb 24 2016 08:52:31 GMT+0800 (CST), 849
Wed Feb 24 2016 08:57:31 GMT+0800 (CST), 898
Wed Feb 24 2016 09:02:31 GMT+0800 (CST), 995
Wed Feb 24 2016 09:07:30 GMT+0800 (CST), 1095
Wed Feb 24 2016 09:12:30 GMT+0800 (CST), 1165
Wed Feb 24 2016 09:17:31 GMT+0800 (CST), 1259
Wed Feb 24 2016 09:22:31 GMT+0800 (CST), 1306
Wed Feb 24 2016 09:27:31 GMT+0800 (CST), 1355
Wed Feb 24 2016 09:32:31 GMT+0800 (CST), 1375
Wed Feb 24 2016 09:37:30 GMT+0800 (CST), 1371
Wed Feb 24 2016 09:42:30 GMT+0800 (CST), 1435
Wed Feb 24 2016 09:47:31 GMT+0800 (CST), 1416
Wed Feb 24 2016 09:52:31 GMT+0800 (CST), 1424
Wed Feb 24 2016 09:57:31 GMT+0800 (CST), 1429
Wed Feb 24 2016 10:02:31 GMT+0800 (CST), 1473
Wed Feb 24 2016 10:12:31 GMT+0800 (CST), 1574
Wed Feb 24 2016 10:17:30 GMT+0800 (CST), 1564
Wed Feb 24 2016 10:22:31 GMT+0800 (CST), 1570
Wed Feb 24 2016 10:27:31 GMT+0800 (CST), 1550
Wed Feb 24 2016 10:32:31 GMT+0800 (CST), 1569
Wed Feb 24 2016 10:37:31 GMT+0800 (CST), 1585
Wed Feb 24 2016 10:42:31 GMT+0800 (CST), 1558
Wed Feb 24 2016 10:47:31 GMT+0800 (CST), 1547
Wed Feb 24 2016 10:52:30 GMT+0800 (CST), 1548
Wed Feb 24 2016 10:57:31 GMT+0800 (CST), 1556
Wed Feb 24 2016 11:02:31 GMT+0800 (CST), 1555
Wed Feb 24 2016 11:07:31 GMT+0800 (CST), 1566
Wed Feb 24 2016 11:12:30 GMT+0800 (CST), 1545
Wed Feb 24 2016 11:17:31 GMT+0800 (CST), 1527
Wed Feb 24 2016 11:22:31 GMT+0800 (CST), 1516
Wed Feb 24 2016 11:27:31 GMT+0800 (CST), 1488
Wed Feb 24 2016 11:32:31 GMT+0800 (CST), 1460
Wed Feb 24 2016 11:37:31 GMT+0800 (CST), 1444
Wed Feb 24 2016 11:42:30 GMT+0800 (CST), 1423
Wed Feb 24 2016 11:47:30 GMT+0800 (CST), 1398
Wed Feb 24 2016 11:52:31 GMT+0800 (CST), 1375
Wed Feb 24 2016 11:57:30 GMT+0800 (CST), 1330
Wed Feb 24 2016 12:02:30 GMT+0800 (CST), 1324
Wed Feb 24 2016 12:07:31 GMT+0800 (CST), 1322
Wed Feb 24 2016 12:13:10 GMT+0800 (CST), 1281
Wed Feb 24 2016 12:18:10 GMT+0800 (CST), 1298
Wed Feb 24 2016 12:23:10 GMT+0800 (CST), 1247
Wed Feb 24 2016 12:28:10 GMT+0800 (CST), 1252
Wed Feb 24 2016 12:33:10 GMT+0800 (CST), 1233
Wed Feb 24 2016 12:38:10 GMT+0800 (CST), 1266
Wed Feb 24 2016 12:43:10 GMT+0800 (CST), 1296
Wed Feb 24 2016 12:48:10 GMT+0800 (CST), 1316
Wed Feb 24 2016 12:53:10 GMT+0800 (CST), 1346
Wed Feb 24 2016 12:58:10 GMT+0800 (CST), 1367
Wed Feb 24 2016 13:03:10 GMT+0800 (CST), 1375
Wed Feb 24 2016 13:08:10 GMT+0800 (CST), 1381
Wed Feb 24 2016 13:13:10 GMT+0800 (CST), 1395
Wed Feb 24 2016 13:18:10 GMT+0800 (CST), 1397
Wed Feb 24 2016 13:23:10 GMT+0800 (CST), 1399
Wed Feb 24 2016 13:28:10 GMT+0800 (CST), 1439
Wed Feb 24 2016 13:33:10 GMT+0800 (CST), 1447
Wed Feb 24 2016 13:38:10 GMT+0800 (CST), 1447
Wed Feb 24 2016 13:43:10 GMT+0800 (CST), 1455
Wed Feb 24 2016 13:48:10 GMT+0800 (CST), 1480
Wed Feb 24 2016 13:53:10 GMT+0800 (CST), 1471
Wed Feb 24 2016 13:58:10 GMT+0800 (CST), 1460
Wed Feb 24 2016 14:03:10 GMT+0800 (CST), 1430
Wed Feb 24 2016 14:08:10 GMT+0800 (CST), 1419
Wed Feb 24 2016 14:13:10 GMT+0800 (CST), 1433
Wed Feb 24 2016 14:18:10 GMT+0800 (CST), 1420
Wed Feb 24 2016 14:23:10 GMT+0800 (CST), 1422
Wed Feb 24 2016 14:28:10 GMT+0800 (CST), 1439
Wed Feb 24 2016 14:33:10 GMT+0800 (CST), 1412
Wed Feb 24 2016 14:38:10 GMT+0800 (CST), 1408
Wed Feb 24 2016 14:43:10 GMT+0800 (CST), 1350
Wed Feb 24 2016 14:48:10 GMT+0800 (CST), 1325
Wed Feb 24 2016 14:53:10 GMT+0800 (CST), 1356
Wed Feb 24 2016 14:58:10 GMT+0800 (CST), 1348
Wed Feb 24 2016 15:03:10 GMT+0800 (CST), 1412
Wed Feb 24 2016 15:08:10 GMT+0800 (CST), 1397
Wed Feb 24 2016 15:13:10 GMT+0800 (CST), 1385
Wed Feb 24 2016 15:18:10 GMT+0800 (CST), 1353
Wed Feb 24 2016 15:23:10 GMT+0800 (CST), 1367
Wed Feb 24 2016 15:28:10 GMT+0800 (CST), 1354
Wed Feb 24 2016 15:33:10 GMT+0800 (CST), 1368
Wed Feb 24 2016 15:38:10 GMT+0800 (CST), 1385
Wed Feb 24 2016 15:43:10 GMT+0800 (CST), 1406
Wed Feb 24 2016 15:48:10 GMT+0800 (CST), 1442
Wed Feb 24 2016 15:53:10 GMT+0800 (CST), 1424
Wed Feb 24 2016 15:58:10 GMT+0800 (CST), 1440
Wed Feb 24 2016 16:03:10 GMT+0800 (CST), 1391
Wed Feb 24 2016 16:08:10 GMT+0800 (CST), 1366
Wed Feb 24 2016 16:25:38 GMT+0800 (CST), 1376
Wed Feb 24 2016 16:30:38 GMT+0800 (CST), 1398
Wed Feb 24 2016 16:35:37 GMT+0800 (CST), 1398
Wed Feb 24 2016 16:40:37 GMT+0800 (CST), 1384
Wed Feb 24 2016 16:45:37 GMT+0800 (CST), 1390
Wed Feb 24 2016 16:50:37 GMT+0800 (CST), 1411
Wed Feb 24 2016 16:55:37 GMT+0800 (CST), 1440
Wed Feb 24 2016 17:00:38 GMT+0800 (CST), 1464
Wed Feb 24 2016 17:05:37 GMT+0800 (CST), 1471
Wed Feb 24 2016 17:10:38 GMT+0800 (CST), 1427
Wed Feb 24 2016 17:15:37 GMT+0800 (CST), 1404
Wed Feb 24 2016 17:20:37 GMT+0800 (CST), 1343
Wed Feb 24 2016 17:25:37 GMT+0800 (CST), 1353
Wed Feb 24 2016 17:30:37 GMT+0800 (CST), 1399
Wed Feb 24 2016 17:35:37 GMT+0800 (CST), 1425
Wed Feb 24 2016 17:40:37 GMT+0800 (CST), 1387
Wed Feb 24 2016 17:45:37 GMT+0800 (CST), 1327
Wed Feb 24 2016 17:50:37 GMT+0800 (CST), 1334
Wed Feb 24 2016 17:55:37 GMT+0800 (CST), 1340
Wed Feb 24 2016 18:00:37 GMT+0800 (CST), 1323
Wed Feb 24 2016 18:05:38 GMT+0800 (CST), 1329
Wed Feb 24 2016 18:10:37 GMT+0800 (CST), 1301
Wed Feb 24 2016 18:15:37 GMT+0800 (CST), 1286
Wed Feb 24 2016 18:20:37 GMT+0800 (CST), 1228
Wed Feb 24 2016 18:25:38 GMT+0800 (CST), 1156
Wed Feb 24 2016 18:30:38 GMT+0800 (CST), 1132
Wed Feb 24 2016 18:35:37 GMT+0800 (CST), 1111
Wed Feb 24 2016 18:40:38 GMT+0800 (CST), 1119
Wed Feb 24 2016 18:45:37 GMT+0800 (CST), 1123
Wed Feb 24 2016 18:50:38 GMT+0800 (CST), 1104
Wed Feb 24 2016 18:55:37 GMT+0800 (CST), 1094
Wed Feb 24 2016 19:00:38 GMT+0800 (CST), 1042
Wed Feb 24 2016 19:05:38 GMT+0800 (CST), 1023
Wed Feb 24 2016 19:10:37 GMT+0800 (CST), 1046
Wed Feb 24 2016 19:15:37 GMT+0800 (CST), 1019
Wed Feb 24 2016 19:20:38 GMT+0800 (CST), 984
Wed Feb 24 2016 19:25:37 GMT+0800 (CST), 992
Wed Feb 24 2016 19:30:38 GMT+0800 (CST), 990
Wed Feb 24 2016 19:35:37 GMT+0800 (CST), 988
Wed Feb 24 2016 19:40:38 GMT+0800 (CST), 992
Wed Feb 24 2016 19:45:37 GMT+0800 (CST), 970
Wed Feb 24 2016 19:50:37 GMT+0800 (CST), 968
Wed Feb 24 2016 19:55:37 GMT+0800 (CST), 978
Wed Feb 24 2016 20:00:37 GMT+0800 (CST), 991
Wed Feb 24 2016 20:05:37 GMT+0800 (CST), 968
Wed Feb 24 2016 20:10:37 GMT+0800 (CST), 988
Wed Feb 24 2016 20:15:37 GMT+0800 (CST), 1023
Wed Feb 24 2016 20:20:38 GMT+0800 (CST), 1008
Wed Feb 24 2016 20:25:38 GMT+0800 (CST), 1036
Wed Feb 24 2016 20:30:38 GMT+0800 (CST), 1045
Wed Feb 24 2016 20:35:38 GMT+0800 (CST), 1054
Wed Feb 24 2016 20:40:38 GMT+0800 (CST), 1046
Wed Feb 24 2016 20:45:38 GMT+0800 (CST), 1034
Wed Feb 24 2016 20:50:38 GMT+0800 (CST), 1028
Wed Feb 24 2016 20:55:38 GMT+0800 (CST), 1045
Wed Feb 24 2016 21:00:37 GMT+0800 (CST), 1096
Wed Feb 24 2016 21:05:38 GMT+0800 (CST), 1100
Wed Feb 24 2016 21:10:37 GMT+0800 (CST), 1113
Wed Feb 24 2016 21:15:38 GMT+0800 (CST), 1119
Wed Feb 24 2016 21:20:38 GMT+0800 (CST), 1101
Wed Feb 24 2016 21:25:37 GMT+0800 (CST), 1107
Wed Feb 24 2016 21:30:38 GMT+0800 (CST), 1095
Wed Feb 24 2016 21:35:37 GMT+0800 (CST), 1113
Wed Feb 24 2016 21:40:37 GMT+0800 (CST), 1109
Wed Feb 24 2016 21:45:38 GMT+0800 (CST), 1097
Wed Feb 24 2016 21:50:38 GMT+0800 (CST), 1099
Wed Feb 24 2016 21:55:38 GMT+0800 (CST), 1107
Wed Feb 24 2016 22:00:37 GMT+0800 (CST), 1090
Wed Feb 24 2016 22:05:38 GMT+0800 (CST), 1102
Wed Feb 24 2016 22:10:38 GMT+0800 (CST), 1096
Wed Feb 24 2016 22:15:37 GMT+0800 (CST), 1112
Wed Feb 24 2016 22:20:38 GMT+0800 (CST), 1104
Wed Feb 24 2016 22:25:38 GMT+0800 (CST), 1087
Wed Feb 24 2016 22:30:37 GMT+0800 (CST), 1062
Wed Feb 24 2016 22:35:38 GMT+0800 (CST), 1035
Wed Feb 24 2016 22:40:38 GMT+0800 (CST), 1047
Wed Feb 24 2016 22:45:38 GMT+0800 (CST), 1065
Wed Feb 24 2016 22:50:38 GMT+0800 (CST), 1068
Wed Feb 24 2016 22:55:38 GMT+0800 (CST), 1081
Wed Feb 24 2016 23:00:38 GMT+0800 (CST), 1059
Wed Feb 24 2016 23:05:38 GMT+0800 (CST), 1047
Wed Feb 24 2016 23:10:38 GMT+0800 (CST), 1051
Wed Feb 24 2016 23:15:38 GMT+0800 (CST), 1017
Wed Feb 24 2016 23:20:38 GMT+0800 (CST), 1002
Wed Feb 24 2016 23:25:38 GMT+0800 (CST), 997
Wed Feb 24 2016 23:30:38 GMT+0800 (CST), 979
Wed Feb 24 2016 23:35:38 GMT+0800 (CST), 980
Wed Feb 24 2016 23:40:39 GMT+0800 (CST), 931
Wed Feb 24 2016 23:45:38 GMT+0800 (CST), 905
Wed Feb 24 2016 23:50:38 GMT+0800 (CST), 846
Wed Feb 24 2016 23:55:38 GMT+0800 (CST), 821
Thu Feb 25 2016 00:00:38 GMT+0800 (CST), 808
Thu Feb 25 2016 00:05:37 GMT+0800 (CST), 785
Thu Feb 25 2016 00:10:38 GMT+0800 (CST), 741
Thu Feb 25 2016 00:15:37 GMT+0800 (CST), 754
Thu Feb 25 2016 00:20:38 GMT+0800 (CST), 700
Thu Feb 25 2016 00:25:38 GMT+0800 (CST), 671
Thu Feb 25 2016 00:30:38 GMT+0800 (CST), 660
Thu Feb 25 2016 00:35:38 GMT+0800 (CST), 646
Thu Feb 25 2016 00:40:38 GMT+0800 (CST), 641
Thu Feb 25 2016 00:45:38 GMT+0800 (CST), 628
Thu Feb 25 2016 00:50:38 GMT+0800 (CST), 596
Thu Feb 25 2016 00:55:38 GMT+0800 (CST), 565
Thu Feb 25 2016 01:00:38 GMT+0800 (CST), 507
Thu Feb 25 2016 01:05:38 GMT+0800 (CST), 488
Thu Feb 25 2016 01:10:38 GMT+0800 (CST), 478
Thu Feb 25 2016 01:15:37 GMT+0800 (CST), 464
Thu Feb 25 2016 01:20:40 GMT+0800 (CST), 446
Thu Feb 25 2016 01:25:38 GMT+0800 (CST), 410
Thu Feb 25 2016 01:30:38 GMT+0800 (CST), 413
Thu Feb 25 2016 01:35:39 GMT+0800 (CST), 377
Thu Feb 25 2016 01:40:38 GMT+0800 (CST), 372
Thu Feb 25 2016 01:45:38 GMT+0800 (CST), 373
Thu Feb 25 2016 01:50:38 GMT+0800 (CST), 361
Thu Feb 25 2016 01:55:38 GMT+0800 (CST), 352
Thu Feb 25 2016 02:00:38 GMT+0800 (CST), 342
Thu Feb 25 2016 02:05:38 GMT+0800 (CST), 340
Thu Feb 25 2016 02:10:38 GMT+0800 (CST), 309
Thu Feb 25 2016 02:15:38 GMT+0800 (CST), 311
Thu Feb 25 2016 02:20:38 GMT+0800 (CST), 295
Thu Feb 25 2016 02:25:38 GMT+0800 (CST), 293
Thu Feb 25 2016 02:30:38 GMT+0800 (CST), 286
Thu Feb 25 2016 02:35:38 GMT+0800 (CST), 269
Thu Feb 25 2016 02:40:38 GMT+0800 (CST), 264
Thu Feb 25 2016 02:45:38 GMT+0800 (CST), 255
Thu Feb 25 2016 02:50:38 GMT+0800 (CST), 242
Thu Feb 25 2016 02:55:38 GMT+0800 (CST), 234
Thu Feb 25 2016 03:00:40 GMT+0800 (CST), 236
Thu Feb 25 2016 03:05:38 GMT+0800 (CST), 232
Thu Feb 25 2016 03:10:38 GMT+0800 (CST), 236
Thu Feb 25 2016 03:15:38 GMT+0800 (CST), 229
Thu Feb 25 2016 03:20:38 GMT+0800 (CST), 220
Thu Feb 25 2016 03:25:38 GMT+0800 (CST), 222
Thu Feb 25 2016 03:30:38 GMT+0800 (CST), 220
Thu Feb 25 2016 03:35:38 GMT+0800 (CST), 216
Thu Feb 25 2016 03:40:38 GMT+0800 (CST), 216
Thu Feb 25 2016 03:45:38 GMT+0800 (CST), 212
Thu Feb 25 2016 03:50:38 GMT+0800 (CST), 215
Thu Feb 25 2016 03:55:40 GMT+0800 (CST), 212
Thu Feb 25 2016 04:00:38 GMT+0800 (CST), 207
Thu Feb 25 2016 04:05:38 GMT+0800 (CST), 205
Thu Feb 25 2016 04:10:38 GMT+0800 (CST), 206
Thu Feb 25 2016 04:15:38 GMT+0800 (CST), 205
Thu Feb 25 2016 04:20:38 GMT+0800 (CST), 193
Thu Feb 25 2016 04:25:38 GMT+0800 (CST), 205
Thu Feb 25 2016 04:30:38 GMT+0800 (CST), 203
Thu Feb 25 2016 04:35:38 GMT+0800 (CST), 202
Thu Feb 25 2016 04:40:38 GMT+0800 (CST), 199
Thu Feb 25 2016 04:45:38 GMT+0800 (CST), 197
Thu Feb 25 2016 04:50:38 GMT+0800 (CST), 198
Thu Feb 25 2016 04:55:38 GMT+0800 (CST), 197
Thu Feb 25 2016 05:00:38 GMT+0800 (CST), 193
Thu Feb 25 2016 05:05:38 GMT+0800 (CST), 190
Thu Feb 25 2016 05:10:38 GMT+0800 (CST), 188
Thu Feb 25 2016 05:15:39 GMT+0800 (CST), 190
Thu Feb 25 2016 05:20:38 GMT+0800 (CST), 190
Thu Feb 25 2016 05:25:38 GMT+0800 (CST), 186
Thu Feb 25 2016 05:30:38 GMT+0800 (CST), 188
Thu Feb 25 2016 05:35:38 GMT+0800 (CST), 190
Thu Feb 25 2016 05:40:38 GMT+0800 (CST), 200
Thu Feb 25 2016 05:45:38 GMT+0800 (CST), 199
Thu Feb 25 2016 05:50:38 GMT+0800 (CST), 197
Thu Feb 25 2016 05:55:38 GMT+0800 (CST), 195
Thu Feb 25 2016 06:00:38 GMT+0800 (CST), 194
Thu Feb 25 2016 06:05:38 GMT+0800 (CST), 201
Thu Feb 25 2016 06:10:39 GMT+0800 (CST), 217
Thu Feb 25 2016 06:15:38 GMT+0800 (CST), 221
Thu Feb 25 2016 06:20:38 GMT+0800 (CST), 217
Thu Feb 25 2016 06:25:38 GMT+0800 (CST), 213
Thu Feb 25 2016 06:30:38 GMT+0800 (CST), 218
Thu Feb 25 2016 06:35:38 GMT+0800 (CST), 219
Thu Feb 25 2016 06:40:38 GMT+0800 (CST), 209
Thu Feb 25 2016 06:45:39 GMT+0800 (CST), 216
Thu Feb 25 2016 06:50:38 GMT+0800 (CST), 222
Thu Feb 25 2016 06:55:38 GMT+0800 (CST), 231
Thu Feb 25 2016 07:00:38 GMT+0800 (CST), 249
Thu Feb 25 2016 07:05:38 GMT+0800 (CST), 271
Thu Feb 25 2016 07:10:38 GMT+0800 (CST), 280
Thu Feb 25 2016 07:15:38 GMT+0800 (CST), 284
Thu Feb 25 2016 07:20:38 GMT+0800 (CST), 294
Thu Feb 25 2016 07:25:38 GMT+0800 (CST), 317
Thu Feb 25 2016 07:30:38 GMT+0800 (CST), 333
Thu Feb 25 2016 07:35:38 GMT+0800 (CST), 334
Thu Feb 25 2016 07:40:38 GMT+0800 (CST), 335
Thu Feb 25 2016 07:45:38 GMT+0800 (CST), 349
Thu Feb 25 2016 07:50:38 GMT+0800 (CST), 368
Thu Feb 25 2016 07:55:38 GMT+0800 (CST), 398
Thu Feb 25 2016 08:00:38 GMT+0800 (CST), 437
Thu Feb 25 2016 08:05:38 GMT+0800 (CST), 473
Thu Feb 25 2016 08:10:38 GMT+0800 (CST), 523
Thu Feb 25 2016 08:15:38 GMT+0800 (CST), 574
Thu Feb 25 2016 08:20:38 GMT+0800 (CST), 602
Thu Feb 25 2016 08:25:38 GMT+0800 (CST), 636
Thu Feb 25 2016 08:30:38 GMT+0800 (CST), 642
Thu Feb 25 2016 08:35:38 GMT+0800 (CST), 726
Thu Feb 25 2016 08:40:38 GMT+0800 (CST), 765
Thu Feb 25 2016 08:45:38 GMT+0800 (CST), 832
Thu Feb 25 2016 08:50:38 GMT+0800 (CST), 872
Thu Feb 25 2016 08:55:38 GMT+0800 (CST), 942
Thu Feb 25 2016 09:00:38 GMT+0800 (CST), 1029
Thu Feb 25 2016 09:05:38 GMT+0800 (CST), 1105
Thu Feb 25 2016 09:10:38 GMT+0800 (CST), 1178
Thu Feb 25 2016 09:15:38 GMT+0800 (CST), 1252
Thu Feb 25 2016 09:20:38 GMT+0800 (CST), 1316
Thu Feb 25 2016 09:25:38 GMT+0800 (CST), 1365
Thu Feb 25 2016 09:30:38 GMT+0800 (CST), 1367
Thu Feb 25 2016 09:35:38 GMT+0800 (CST), 1380
Thu Feb 25 2016 09:40:38 GMT+0800 (CST), 1402
Thu Feb 25 2016 09:45:38 GMT+0800 (CST), 1466
Thu Feb 25 2016 09:50:38 GMT+0800 (CST), 1488
Thu Feb 25 2016 09:55:38 GMT+0800 (CST), 1496
Thu Feb 25 2016 10:00:38 GMT+0800 (CST), 1516
Thu Feb 25 2016 10:05:38 GMT+0800 (CST), 1544
Thu Feb 25 2016 10:10:38 GMT+0800 (CST), 1561
Thu Feb 25 2016 10:15:38 GMT+0800 (CST), 1545
Thu Feb 25 2016 10:20:38 GMT+0800 (CST), 1542
Thu Feb 25 2016 10:25:38 GMT+0800 (CST), 1517
Thu Feb 25 2016 10:30:38 GMT+0800 (CST), 1479
Thu Feb 25 2016 10:35:38 GMT+0800 (CST), 1521
Thu Feb 25 2016 10:40:38 GMT+0800 (CST), 1497
Thu Feb 25 2016 10:45:38 GMT+0800 (CST), 1494
Thu Feb 25 2016 10:50:38 GMT+0800 (CST), 1486
Thu Feb 25 2016 10:55:39 GMT+0800 (CST), 1483
Thu Feb 25 2016 11:00:39 GMT+0800 (CST), 1447
Thu Feb 25 2016 11:05:38 GMT+0800 (CST), 1466
Thu Feb 25 2016 11:10:38 GMT+0800 (CST), 1463
Thu Feb 25 2016 11:15:38 GMT+0800 (CST), 1481
Thu Feb 25 2016 11:20:38 GMT+0800 (CST), 1445
Thu Feb 25 2016 11:25:38 GMT+0800 (CST), 1417
Thu Feb 25 2016 11:30:38 GMT+0800 (CST), 1461
Thu Feb 25 2016 11:35:38 GMT+0800 (CST), 1453
Thu Feb 25 2016 11:40:39 GMT+0800 (CST), 1401
Thu Feb 25 2016 11:45:38 GMT+0800 (CST), 1344
Thu Feb 25 2016 11:50:38 GMT+0800 (CST), 1335
Thu Feb 25 2016 11:55:38 GMT+0800 (CST), 1295
Thu Feb 25 2016 12:00:38 GMT+0800 (CST), 1289
Thu Feb 25 2016 12:05:38 GMT+0800 (CST), 1267
Thu Feb 25 2016 12:10:38 GMT+0800 (CST), 1279
Thu Feb 25 2016 12:15:38 GMT+0800 (CST), 1240
Thu Feb 25 2016 12:20:38 GMT+0800 (CST), 1169
Thu Feb 25 2016 12:25:38 GMT+0800 (CST), 1187
Thu Feb 25 2016 12:30:38 GMT+0800 (CST), 1230
Thu Feb 25 2016 12:35:38 GMT+0800 (CST), 1269
Thu Feb 25 2016 12:40:38 GMT+0800 (CST), 1259
Thu Feb 25 2016 12:45:38 GMT+0800 (CST), 1234
Thu Feb 25 2016 12:50:38 GMT+0800 (CST), 1257
Thu Feb 25 2016 12:55:38 GMT+0800 (CST), 1298
Thu Feb 25 2016 13:00:38 GMT+0800 (CST), 1347
Thu Feb 25 2016 13:05:38 GMT+0800 (CST), 1353
Thu Feb 25 2016 13:10:38 GMT+0800 (CST), 1361
Thu Feb 25 2016 13:15:38 GMT+0800 (CST), 1371
Thu Feb 25 2016 13:20:38 GMT+0800 (CST), 1391
Thu Feb 25 2016 13:25:38 GMT+0800 (CST), 1375
Thu Feb 25 2016 13:30:38 GMT+0800 (CST), 1362
Thu Feb 25 2016 13:35:38 GMT+0800 (CST), 1395
Thu Feb 25 2016 13:40:38 GMT+0800 (CST), 1413
Thu Feb 25 2016 13:45:38 GMT+0800 (CST), 1444
Thu Feb 25 2016 13:50:38 GMT+0800 (CST), 1441
Thu Feb 25 2016 13:55:38 GMT+0800 (CST), 1450
Thu Feb 25 2016 14:00:38 GMT+0800 (CST), 1454
Thu Feb 25 2016 14:05:38 GMT+0800 (CST), 1476
Thu Feb 25 2016 14:10:38 GMT+0800 (CST), 1479
Thu Feb 25 2016 14:15:38 GMT+0800 (CST), 1486
Thu Feb 25 2016 14:20:38 GMT+0800 (CST), 1495
Thu Feb 25 2016 14:25:38 GMT+0800 (CST), 1462
Thu Feb 25 2016 14:30:38 GMT+0800 (CST), 1407
Thu Feb 25 2016 14:35:38 GMT+0800 (CST), 1407
Thu Feb 25 2016 14:40:38 GMT+0800 (CST), 1401
Thu Feb 25 2016 14:45:38 GMT+0800 (CST), 1394
Thu Feb 25 2016 14:50:38 GMT+0800 (CST), 1389
Thu Feb 25 2016 14:55:38 GMT+0800 (CST), 1409
Thu Feb 25 2016 15:00:38 GMT+0800 (CST), 1382
Thu Feb 25 2016 15:05:38 GMT+0800 (CST), 1392
Thu Feb 25 2016 15:10:38 GMT+0800 (CST), 1374
Thu Feb 25 2016 15:15:38 GMT+0800 (CST), 1389
Thu Feb 25 2016 15:20:38 GMT+0800 (CST), 1381
Thu Feb 25 2016 15:25:38 GMT+0800 (CST), 1393
Thu Feb 25 2016 15:30:38 GMT+0800 (CST), 1406
Thu Feb 25 2016 15:35:38 GMT+0800 (CST), 1397
Thu Feb 25 2016 15:40:38 GMT+0800 (CST), 1399
Thu Feb 25 2016 15:45:38 GMT+0800 (CST), 1405
Thu Feb 25 2016 15:50:38 GMT+0800 (CST), 1407
Thu Feb 25 2016 15:55:38 GMT+0800 (CST), 1417
Thu Feb 25 2016 16:00:38 GMT+0800 (CST), 1414
Thu Feb 25 2016 16:05:38 GMT+0800 (CST), 1402
Thu Feb 25 2016 16:10:38 GMT+0800 (CST), 1410
Thu Feb 25 2016 16:15:38 GMT+0800 (CST), 1429
Thu Feb 25 2016 16:20:38 GMT+0800 (CST), 1431
Thu Feb 25 2016 16:25:38 GMT+0800 (CST), 1420
Thu Feb 25 2016 16:30:38 GMT+0800 (CST), 1415
Thu Feb 25 2016 16:35:38 GMT+0800 (CST), 1476
Thu Feb 25 2016 16:40:38 GMT+0800 (CST), 1490
Thu Feb 25 2016 16:45:38 GMT+0800 (CST), 1498
Thu Feb 25 2016 16:50:38 GMT+0800 (CST), 1456
Thu Feb 25 2016 16:55:38 GMT+0800 (CST), 1455
Thu Feb 25 2016 17:00:38 GMT+0800 (CST), 1428
Thu Feb 25 2016 17:05:38 GMT+0800 (CST), 1440
Thu Feb 25 2016 17:10:38 GMT+0800 (CST), 1426
Thu Feb 25 2016 17:15:38 GMT+0800 (CST), 1417
Thu Feb 25 2016 17:20:38 GMT+0800 (CST), 1389
Thu Feb 25 2016 17:25:38 GMT+0800 (CST), 1408
Thu Feb 25 2016 17:30:38 GMT+0800 (CST), 1396
Thu Feb 25 2016 17:35:38 GMT+0800 (CST), 1373
Thu Feb 25 2016 17:40:38 GMT+0800 (CST), 1379
Thu Feb 25 2016 17:45:38 GMT+0800 (CST), 1347
Thu Feb 25 2016 17:50:38 GMT+0800 (CST), 1332
Thu Feb 25 2016 17:55:38 GMT+0800 (CST), 1287
Thu Feb 25 2016 18:00:38 GMT+0800 (CST), 1283
Thu Feb 25 2016 18:05:38 GMT+0800 (CST), 1266
Thu Feb 25 2016 18:10:38 GMT+0800 (CST), 1268
Thu Feb 25 2016 18:15:38 GMT+0800 (CST), 1206
Thu Feb 25 2016 18:20:38 GMT+0800 (CST), 1194
Thu Feb 25 2016 18:25:38 GMT+0800 (CST), 1178
Thu Feb 25 2016 18:30:38 GMT+0800 (CST), 1172
Thu Feb 25 2016 18:35:38 GMT+0800 (CST), 1135
Thu Feb 25 2016 18:40:38 GMT+0800 (CST), 1125
Thu Feb 25 2016 18:45:38 GMT+0800 (CST), 1091
Thu Feb 25 2016 18:50:38 GMT+0800 (CST), 1056
Thu Feb 25 2016 18:55:38 GMT+0800 (CST), 1066
Thu Feb 25 2016 19:00:38 GMT+0800 (CST), 1061
Thu Feb 25 2016 19:05:38 GMT+0800 (CST), 1082
Thu Feb 25 2016 19:10:38 GMT+0800 (CST), 1056
Thu Feb 25 2016 19:15:38 GMT+0800 (CST), 1033
Thu Feb 25 2016 19:20:38 GMT+0800 (CST), 1001
Thu Feb 25 2016 19:25:38 GMT+0800 (CST), 986
Thu Feb 25 2016 19:30:38 GMT+0800 (CST), 999
Thu Feb 25 2016 19:35:39 GMT+0800 (CST), 977
Thu Feb 25 2016 19:40:38 GMT+0800 (CST), 999
Thu Feb 25 2016 19:45:38 GMT+0800 (CST), 988
Thu Feb 25 2016 19:50:38 GMT+0800 (CST), 989
Thu Feb 25 2016 19:55:38 GMT+0800 (CST), 953
Thu Feb 25 2016 20:00:38 GMT+0800 (CST), 971
Thu Feb 25 2016 20:05:38 GMT+0800 (CST), 995
Thu Feb 25 2016 20:10:38 GMT+0800 (CST), 1028
Thu Feb 25 2016 20:15:39 GMT+0800 (CST), 1016
Thu Feb 25 2016 20:20:38 GMT+0800 (CST), 967
Thu Feb 25 2016 20:25:38 GMT+0800 (CST), 954
Thu Feb 25 2016 20:30:38 GMT+0800 (CST), 977
Thu Feb 25 2016 20:35:38 GMT+0800 (CST), 991
Thu Feb 25 2016 20:40:38 GMT+0800 (CST), 1008
Thu Feb 25 2016 20:45:38 GMT+0800 (CST), 1006
Thu Feb 25 2016 20:50:38 GMT+0800 (CST), 1001
Thu Feb 25 2016 20:55:38 GMT+0800 (CST), 1021
Thu Feb 25 2016 21:00:38 GMT+0800 (CST), 999
Thu Feb 25 2016 21:05:38 GMT+0800 (CST), 1007
Thu Feb 25 2016 21:10:38 GMT+0800 (CST), 1062
Thu Feb 25 2016 21:15:38 GMT+0800 (CST), 1102
Thu Feb 25 2016 21:20:38 GMT+0800 (CST), 1074
Thu Feb 25 2016 21:25:38 GMT+0800 (CST), 1064
Thu Feb 25 2016 21:30:38 GMT+0800 (CST), 1060
Thu Feb 25 2016 21:35:38 GMT+0800 (CST), 1088
Thu Feb 25 2016 21:40:38 GMT+0800 (CST), 1066
Thu Feb 25 2016 21:45:38 GMT+0800 (CST), 1087
Thu Feb 25 2016 21:50:38 GMT+0800 (CST), 1037
Thu Feb 25 2016 21:55:38 GMT+0800 (CST), 1052
Thu Feb 25 2016 22:00:38 GMT+0800 (CST), 1065
